n,size,test_error,test_loss,train_error,train_loss
4000.0,80.0,86.43269294542559,12.606855767439667,0.008929988887118157,0.1717225421064691
6000.0,80.0,85.18241791270506,12.643746944431909,0.0026678761038283483,0.17899570075224563
8000.0,80.0,84.20473710521036,12.703622712567777,0.003500560089619853,0.19202936279282964
10000.0,80.0,83.02555526607321,12.865685443042562,0.0076454137577144365,0.2071111214147485
12000.0,80.0,82.3849898670207,12.951152709408934,0.021131791942408995,0.22787057175085082
14000.0,80.0,81.38041209152925,12.843846732815974,0.03805229884892469,0.24886738959598534
16000.0,80.0,80.20012490723542,12.977398791659766,0.09130531285941856,0.2735907449609295
18000.0,80.0,80.1247305206949,13.035963790591516,0.1918054930211639,0.3004042119165977
20000.0,80.0,78.76165909601895,12.799166187394487,0.48730422976838383,0.34788174016303336
22000.0,80.0,77.80581079554541,12.393145695210928,1.2828389479764155,0.44044637989597407
24000.0,80.0,76.68312085691,12.212601144986891,1.515069521718985,0.4556574538885888
26000.0,80.0,75.64120874721854,11.853173153042004,2.787058601175559,0.5494831112281979
28000.0,80.0,74.83891736885496,11.406471127677088,4.772558981351736,0.6765447524089762
30000.0,80.0,73.65384939328182,10.860229470522043,6.848834531984338,0.7994023282316143
32000.0,80.0,73.1670532245704,10.682711939551124,7.851338811375669,0.8588620116433898
34000.0,80.0,71.57598769274844,9.862023611592852,11.35357504828562,1.06333240860657
36000.0,80.0,70.61803014989664,9.38064227459025,13.244187518079258,1.1780521456285502
38000.0,80.0,70.03333216236469,9.109074483869412,14.46861351374497,1.2519208985411534
40000.0,80.0,69.14855148842193,8.71853766833693,16.30937860792048,1.3710428823530574
42000.0,80.0,68.28994759437988,8.43702940916898,17.474325405977396,1.4451917910334822
44000.0,80.0,67.36624406756101,8.096052605848602,19.06700739476048,1.5442858950531377
46000.0,80.0,66.72072048026567,7.889717409730026,19.57127420653417,1.5799628754053103
48000.0,80.0,66.00633048578925,7.725582608091355,20.179363472013904,1.6149740612988797
50000.0,80.0,65.22763517656563,7.497526608111153,21.287977984059893,1.6925408700892481
52000.0,80.0,64.77624517911012,7.279853510382767,21.851517484931364,1.7293011618866314
54000.0,80.0,64.20452273368875,7.158996970187447,22.552558131139435,1.7726987655543003
56000.0,80.0,63.359845595544435,6.876778322902972,23.574293750054423,1.8301694299648141
58000.0,80.0,63.241570355548184,6.875402249103165,23.57608886085707,1.8380222469986645
60000.0,80.0,62.48521024295782,6.6402988069980395,24.570230097191853,1.9060962675984212
62000.0,80.0,61.4015501174049,6.454234155015241,24.93931144769128,1.9235324081661906
64000.0,80.0,61.84566883701276,6.464195245343558,25.634614335847488,1.9825072459740836
66000.0,80.0,61.405167412669066,6.310160212141948,26.132523491459466,2.001016515730166
68000.0,80.0,60.521674316962226,6.165369448891998,26.0107298019623,2.0021809434843636
70000.0,80.0,60.213998973609414,6.103631701169127,26.730318698619783,2.048012844350693
72000.0,80.0,59.61044644024214,5.965793217299127,27.21166695586919,2.0810053391096313
74000.0,80.0,58.741813011824846,5.830700460599858,27.31586123115332,2.0856577060569785
76000.0,80.0,58.76412193563941,5.7899762284114615,27.55151000845936,2.100867223009858
78000.0,80.0,58.34036408590533,5.764106727188055,27.79986565161309,2.125318737452614
80000.0,80.0,57.5527923222263,5.552369891744763,28.307544619481163,2.158122289127273
82000.0,80.0,56.833708681934915,5.463970043219812,28.12392002463706,2.138514240229329
84000.0,80.0,56.98510832057088,5.440339039510804,28.728118896425414,2.1865952274586222
86000.0,80.0,56.504756814131675,5.3768319213662314,28.887323226321243,2.199046097405438
88000.0,80.0,55.934539279903554,5.300204012006973,29.150239962704205,2.2128630555463618
90000.0,80.0,55.58628314753604,5.238155200814992,29.079370884820463,2.2024396408775004
92000.0,80.0,54.805881970053264,5.118488338878781,29.137520408621796,2.2108560990096993
94000.0,80.0,55.12569867557451,5.127874347291038,29.668076010546145,2.252623256850084
96000.0,80.0,54.75307373655661,5.074615107176104,29.777749810800586,2.2574801931682797
98000.0,80.0,54.19003383592893,4.972149193371837,29.96105649662357,2.2642820412051416
100000.0,80.0,53.72168524565423,4.943011796387347,29.878597259003456,2.263681710209929
102000.0,80.0,54.00517499748129,4.903827952469865,30.498373701982075,2.3036239436815746
104000.0,80.0,53.41374828859202,4.853093674182961,30.57678623994323,2.313081586074824
106000.0,80.0,53.65555726759405,4.888781141045122,30.96344004372314,2.3438710362814192
108000.0,80.0,52.776397784232124,4.7734069668139005,30.790417528826396,2.3282020726220836
110000.0,80.0,52.80991623415716,4.7331753783136525,31.119464436183762,2.3495713191811
112000.0,80.0,52.697928502124846,4.730068407368504,30.974881460076972,2.337868344181516
114000.0,80.0,52.62153603631098,4.686919142121805,31.633777924680786,2.3887193692472892
116000.0,80.0,52.42894176569056,4.663517290144939,31.375323352983116,2.363061428289992
118000.0,80.0,52.00751879450396,4.621274350464347,31.436053538654377,2.373665014925423
120000.0,80.0,51.71095191429385,4.569487468891744,31.577394811840747,2.3824095039212194
