model_width,measurement_index,paper_train_error,paper_test_error,paper_train_loss,paper_test_loss,epoch,our_train_error,our_test_error,our_train_loss,our_test_loss,delta_train_error,delta_test_error,delta_train_loss,delta_test_loss
3,9,0.6544600129127502,0.5624,1.8957535028457642,1.599568359375,10,0.63468,0.5498000000000001,1.8633087393188477,1.5813481519699097,-0.019780012912750222,-0.012599999999999945,-0.0324447635269165,-0.01822020740509034
3,19,0.6097600162029266,0.5025,1.8062117099761963,1.45374365234375,20,0.5876399999999999,0.5017,1.7718515658569336,1.4536529750823974,-0.022120016202926696,-0.0007999999999999119,-0.03436014411926269,-9.067726135247867e-05
3,29,0.5824800133705139,0.4709,1.751312017440796,1.373477734375,30,0.56726,0.4689,1.7298629684448241,1.3854277812957763,-0.01522001337051393,-0.0020000000000000018,-0.021449048995971776,0.01195004692077628
3,39,0.565500020980835,0.4536,1.7173945903778076,1.3281890625,40,0.5486800000000001,0.45620000000000005,1.6936476251220702,1.3374025238037108,-0.016820020980834904,0.0026000000000000467,-0.023746965255737384,0.009213461303710924
3,49,0.5544400215148926,0.43300000000000005,1.691452980041504,1.29211787109375,50,0.5346,0.4364,1.6630158807373048,1.309124334716797,-0.019840021514892614,0.0033999999999999586,-0.02843709930419913,0.01700646362304692
3,59,0.5416400134563446,0.42510000000000003,1.6664341688156128,1.26213623046875,60,0.52302,0.42910000000000004,1.6366426260375977,1.2683622035980224,-0.018620013456344564,0.0040000000000000036,-0.0297915427780151,0.006225973129272422
3,69,0.5296000242233276,0.41579999999999995,1.6434483528137207,1.22884609375,70,0.5105,0.41169999999999995,1.6105036590576172,1.2371017936706543,-0.019100024223327683,-0.0040999999999999925,-0.03294469375610354,0.008255699920654225
3,79,0.5209600031375885,0.40790000000000004,1.6264630556106567,1.2116296875,80,0.49907999999999997,0.39790000000000003,1.5864000500488282,1.211760671234131,-0.021880003137588533,-0.010000000000000009,-0.04006300556182851,0.00013098373413078512
3,89,0.5116400122642517,0.3941,1.6091487407684326,1.1856166015625,90,0.48963999999999996,0.388,1.5671178143310547,1.179971859741211,-0.022000012264251745,-0.006099999999999994,-0.042030926437377936,-0.0056447418212890454
3,99,0.5029399991035461,0.3823,1.5942599773406982,1.1596251953125,100,0.48458,0.38370000000000004,1.555439532470703,1.1586155254364014,-0.018359999103546132,0.0014000000000000679,-0.03882044486999514,-0.001009669876098629
3,109,0.49720001220703125,0.3772,1.5787235498428345,1.151143359375,110,0.47487999999999997,0.3711,1.5341273007202147,1.1387192197799683,-0.02232001220703128,-0.006099999999999994,-0.044596249122619724,-0.012424139595031747
3,119,0.48985999822616577,0.3667,1.5691808462142944,1.1301251953125,120,0.46828000000000003,0.36419999999999997,1.5225598083496095,1.1162453197479247,-0.021579998226165742,-0.0025000000000000577,-0.04662103786468497,-0.013879875564575261
3,129,0.48541998863220215,0.366,1.5545302629470825,1.124147265625,130,0.46809999999999996,0.3649,1.5213547273254395,1.1166669786453247,-0.017319988632202188,-0.0010999999999999899,-0.03317553562164299,-0.007480286979675288
3,139,0.4794800281524658,0.3528,1.5441985130310059,1.101711328125,140,0.4575,0.3506,1.499976510925293,1.0868487907409667,-0.021980028152465803,-0.0021999999999999797,-0.04422200210571292,-0.014862537384033203
3,149,0.47769999504089355,0.3518,1.5360705852508545,1.0906146484375,150,0.45538,0.34750000000000003,1.497608128051758,1.0886767024993897,-0.022319995040893548,-0.0042999999999999705,-0.03846245719909658,-0.0019379459381101416
3,159,0.47134000062942505,0.34819999999999995,1.525691032409668,1.08474619140625,160,0.45030000000000003,0.3415,1.4847234936523437,1.080852518081665,-0.021040000629425015,-0.006699999999999928,-0.040967538757324284,-0.003893673324584901
3,169,0.4684799909591675,0.34340000000000004,1.5188624858856201,1.07671669921875,170,0.44577999999999995,0.33830000000000005,1.4772326318359374,1.059814866256714,-0.022699990959167526,-0.005099999999999993,-0.04162985404968267,-0.016901832962036067
3,179,0.4626399874687195,0.33840000000000003,1.5123389959335327,1.06905986328125,180,0.44276000000000004,0.33320000000000005,1.4728239456176757,1.0560182287216187,-0.01987998746871944,-0.005199999999999982,-0.039515050315857,-0.013041634559631365
3,189,0.4605399966239929,0.3359,1.5070350170135498,1.05567158203125,190,0.43872,0.32620000000000005,1.4622958554077148,1.041821925354004,-0.02181999662399292,-0.009699999999999931,-0.04473916160583502,-0.013849656677246136
3,199,0.45664000511169434,0.33089999999999997,1.4973831176757812,1.0529890625,200,0.43472,0.32630000000000003,1.456806037750244,1.0397861190795898,-0.02192000511169434,-0.0045999999999999375,-0.04057707992553716,-0.013202943420410174
3,209,0.4540799856185913,0.32720000000000005,1.4909801483154297,1.04439921875,210,0.43179999999999996,0.3176,1.4486632986450196,1.0205560535430909,-0.022279985618591347,-0.009600000000000053,-0.04231684967041005,-0.0238431652069091
3,219,0.45138001441955566,0.3244,1.4869946241378784,1.03549951171875,220,0.43108,0.31479999999999997,1.443089221496582,1.0149145610809327,-0.020300014419555645,-0.009600000000000053,-0.04390540264129639,-0.02058495063781729
3,229,0.44840002059936523,0.3206,1.4831874370574951,1.03356396484375,230,0.42935999999999996,0.3124,1.4385539491271973,1.016700785636902,-0.01904002059936527,-0.008199999999999985,-0.044633487930297866,-0.0168631792068481
3,239,0.4459800124168396,0.3195,1.473247766494751,1.0187158203125,240,0.42744000000000004,0.3137,1.4370454708862304,1.0047626567840575,-0.018540012416839557,-0.005800000000000027,-0.03620229560852062,-0.013953163528442447
3,249,0.4433799982070923,0.3155,1.470420002937317,1.01516279296875,250,0.42208,0.3083,1.4268517152404785,0.9967487981796265,-0.021299998207092274,-0.007199999999999984,-0.043568287696838404,-0.018413994789123422
3,259,0.4410400390625,0.30989999999999995,1.4649507999420166,1.00761865234375,260,0.42066000000000003,0.3054,1.4234159791564942,0.9909367156982422,-0.020380039062499966,-0.0044999999999999485,-0.0415348207855224,-0.016681936645507878
3,269,0.4389600157737732,0.3143,1.4619961977005005,1.00632802734375,270,0.41969999999999996,0.30389999999999995,1.421808449859619,0.9953526905059814,-0.01926001577377323,-0.010400000000000076,-0.040187747840881416,-0.010975336837768634
3,279,0.43790000677108765,0.3106,1.4569168090820312,1.00410771484375,280,0.41791999999999996,0.3055,1.4160884478759765,0.9974197067260743,-0.01998000677108769,-0.005099999999999993,-0.04082836120605471,-0.006688008117675781
3,289,0.43598002195358276,0.30789999999999995,1.452927589416504,0.99406376953125,290,0.41600000000000004,0.3033,1.4141989529418946,0.982015891456604,-0.019980021953582727,-0.0045999999999999375,-0.038728636474609335,-0.012047878074646023
3,299,0.43498003482818604,0.30610000000000004,1.4505726099014282,0.99436904296875,300,0.41284,0.29900000000000004,1.4071153759765624,0.9797049577713013,-0.02214003482818605,-0.007099999999999995,-0.04345723392486578,-0.014664085197448662
3,309,0.4340200424194336,0.30479999999999996,1.4474594593048096,0.99766865234375,310,0.41594,0.30369999999999997,1.415756915435791,0.9932752090454101,-0.018080042419433617,-0.0010999999999999899,-0.03170254386901861,-0.004393443298339905
3,319,0.4302999973297119,0.3004,1.4426264762878418,0.989240625,320,0.41057999999999995,0.29690000000000005,1.4024190060424804,0.9822996234893799,-0.01971999732971197,-0.0034999999999999476,-0.04020747024536142,-0.0069410015106200484
3,329,0.4282799959182739,0.2983,1.4372003078460693,0.9772677734375,330,0.4111,0.29790000000000005,1.4033573400878907,0.9733733087539673,-0.017179995918273905,-0.00039999999999995595,-0.03384296775817863,-0.003894464683532717
3,339,0.42743998765945435,0.3003,1.435282826423645,0.98360009765625,340,0.40884,0.29569999999999996,1.3998102261352539,0.9675511005401611,-0.018599987659454364,-0.0046000000000000485,-0.035472600288391165,-0.01604899711608887
3,349,0.4268200397491455,0.29890000000000005,1.4352164268493652,0.97707421875,350,0.40762,0.29679999999999995,1.3943258848571778,0.9625299896240235,-0.019200039749145525,-0.002100000000000102,-0.040890541992187446,-0.014544229125976527
3,359,0.42510002851486206,0.3013,1.4327244758605957,0.98279873046875,360,0.40656000000000003,0.2965,1.394597498626709,0.9641078002929687,-0.018540028514862028,-0.0048000000000000265,-0.038126977233886805,-0.018690930175781273
3,369,0.42322003841400146,0.29679999999999995,1.4285492897033691,0.97334521484375,370,0.40544,0.29510000000000003,1.3896334365844727,0.9578286228179932,-0.017780038414001442,-0.0016999999999999238,-0.03891585311889645,-0.015516592025756837
3,379,0.42274004220962524,0.29800000000000004,1.4252818822860718,0.971754296875,380,0.40362,0.29000000000000004,1.3883935888671874,0.9475867685317994,-0.019120042209625265,-0.008000000000000007,-0.03688829341888433,-0.024167528343200684
3,389,0.4221799969673157,0.2956,1.4208111763000488,0.96973173828125,390,0.40552,0.29269999999999996,1.3916733221435547,0.9519196815490722,-0.016659996967315682,-0.0029000000000000137,-0.02913785415649417,-0.017812056732177783
3,399,0.42339998483657837,0.29569999999999996,1.4199501276016235,0.967369140625,400,0.40152,0.2893,1.3795872879028321,0.9503663782119751,-0.02187998483657838,-0.006399999999999961,-0.0403628396987914,-0.017002762413024897
64,9,0.3282800316810608,0.21189999999999998,1.2177578210830688,0.782880712890625,10,0.33628,0.21230000000000004,1.244788025970459,0.7492847812652588,0.007999968318939232,0.00040000000000006697,0.027030204887390052,-0.03359593162536623
64,19,0.26947999000549316,0.17500000000000004,1.0406512022018433,0.678398876953125,20,0.25808,0.15080000000000005,1.0195356213378906,0.582928071308136,-0.011399990005493188,-0.0242,-0.02111558086395271,-0.095470805644989
64,29,0.22666001319885254,0.18769999999999998,0.8585447669029236,0.7379916015625,30,0.21860000000000002,0.1552,0.8601725090026855,0.5896117270946503,-0.008060013198852523,-0.03249999999999997,0.0016277420997619085,-0.14837987446784973
64,39,0.18736004829406738,0.2277,0.6631816029548645,0.91400029296875,40,0.20211999999999997,0.1854,0.7334389009094239,0.7497283927917481,0.014759951705932584,-0.042300000000000004,0.07025729795455937,-0.16427190017700188
64,49,0.1482200026512146,0.262,0.481630802154541,1.1526078125,50,0.14981999999999995,0.21350000000000002,0.5166898152160645,0.8554460981369019,0.0015999973487853536,-0.04849999999999999,0.03505901306152348,-0.29716171436309824
64,59,0.11202001571655273,0.28080000000000005,0.345831036567688,1.3237513671875,60,0.11817999999999995,0.24919999999999998,0.37833285579681397,1.0782681888580323,0.006159984283447217,-0.03160000000000007,0.03250181922912598,-0.24548317832946775
64,69,0.08689999580383301,0.2721,0.2622529864311218,1.46032255859375,70,0.08938000000000001,0.2613,0.2763882886123657,1.1958457805633544,0.002480004196167007,-0.010800000000000032,0.01413530218124387,-0.2644767780303956
64,79,0.06756001710891724,0.26980000000000004,0.19995470345020294,1.47646708984375,80,0.06840000000000002,0.24570000000000003,0.2076618104171753,1.2909738364219665,0.00083998289108278,-0.02410000000000001,0.007707106966972355,-0.18549325342178347
64,89,0.05374002456665039,0.26439999999999997,0.15885193645954132,1.6518654296875,90,0.050980000000000025,0.23809999999999998,0.1488664280128479,1.281337425994873,-0.0027600245666503653,-0.02629999999999999,-0.009985508446693409,-0.37052800369262684
64,99,0.04878002405166626,0.2589,0.1420426070690155,1.627478125,100,0.04357999999999995,0.246,0.12946260782241822,1.390108861351013,-0.005200024051666308,-0.012900000000000023,-0.012579999246597279,-0.23736926364898703
64,109,0.0401800274848938,0.23960000000000004,0.11895190179347992,1.56487275390625,110,0.04705999999999999,0.25860000000000005,0.13760563223838806,1.451369044494629,0.006879972515106192,0.019000000000000017,0.018653730444908145,-0.11350370941162091
64,119,0.033780038356781006,0.25539999999999996,0.10049907118082047,1.67223828125,120,0.03061999999999998,0.23340000000000005,0.09193196497678757,1.4211124994277955,-0.0031600383567810253,-0.02199999999999991,-0.008567106204032893,-0.2511257818222046
64,129,0.028820037841796875,0.2671,0.08576558530330658,1.741659765625,130,0.02522000000000002,0.25339999999999996,0.07499584099292755,1.44675268535614,-0.003600037841796855,-0.013700000000000045,-0.010769744310379026,-0.2949070802688598
64,139,0.027980029582977295,0.237,0.08311764150857925,1.61127744140625,140,0.030939999999999968,0.24619999999999997,0.09410703115701675,1.513993350982666,0.0029599704170226726,0.009199999999999986,0.0109893896484375,-0.0972840904235841
64,149,0.024880051612854004,0.2639,0.07455050945281982,1.7644966796875,150,0.02281999999999995,0.22629999999999995,0.06958629081606865,1.5008978656768799,-0.0020600516128540525,-0.03760000000000008,-0.004964218636751172,-0.26359881401062
64,159,0.021340012550354004,0.23440000000000005,0.06409160047769547,1.62288466796875,160,0.02737999999999996,0.24009999999999998,0.0845597739481926,1.5376803302764892,0.006039987449645956,0.005699999999999927,0.020468173470497134,-0.08520433769226088
64,169,0.021340012550354004,0.24829999999999997,0.06493650376796722,1.707908203125,170,0.02627999999999997,0.24380000000000002,0.0792028643965721,1.6057900346755982,0.004939987449645966,-0.0044999999999999485,0.014266360628604882,-0.10211816844940169
64,179,0.02078002691268921,0.25439999999999996,0.06065972521901131,1.7520490234375,180,0.023700000000000054,0.24429999999999996,0.07135023489832878,1.5598651260375977,0.0029199730873108454,-0.010099999999999998,0.010690509679317478,-0.19218389739990216
64,189,0.016860008239746094,0.22809999999999997,0.049763601273298264,1.68174765625,190,0.015959999999999974,0.23099999999999998,0.050580636394023895,1.5370501865386963,-0.0009000082397461195,0.0029000000000000137,0.0008170351207256316,-0.1446974697113037
64,199,0.017960011959075928,0.24550000000000005,0.05401943251490593,1.72031875,200,0.014619999999999966,0.21789999999999998,0.0455462286400795,1.4828357175827027,-0.0033400119590759614,-0.02760000000000007,-0.008473203874826432,-0.23748303241729718
64,209,0.01578003168106079,0.22929999999999995,0.046530138701200485,1.6794146484375,210,0.01532,0.19710000000000005,0.04756155985236168,1.4730419403076171,-0.00046003168106079073,-0.032199999999999895,0.0010314211511611923,-0.20637270812988295
64,219,0.014500021934509277,0.2459,0.04381176829338074,1.7723427734375,220,0.014680000000000026,0.2146,0.043091658205688,1.517279344177246,0.00017997806549074902,-0.031299999999999994,-0.000720110087692738,-0.2550634292602538
64,229,0.01296001672744751,0.2349,0.038708508014678955,1.805576171875,230,0.020059999999999967,0.2319,0.06341103314220906,1.6939433530807495,0.007099983272552457,-0.0030000000000000027,0.0247025251275301,-0.11163281879425058
64,239,0.012800037860870361,0.22870000000000001,0.038651078939437866,1.7041412109375,240,0.016619999999999968,0.23229999999999995,0.05210988212138414,1.6846073358535767,0.003819962139129607,0.0035999999999999366,0.013458803181946276,-0.019533875083923347
64,249,0.012580037117004395,0.2157,0.03955654799938202,1.6530134765625,250,0.011839999999999962,0.22009999999999996,0.03680553215101361,1.5658463207244873,-0.0007400371170044329,0.0043999999999999595,-0.002751015848368406,-0.08716715583801271
64,259,0.011740028858184814,0.24270000000000003,0.035220928490161896,1.798659765625,260,0.013460000000000027,0.2219,0.039958748360574246,1.5204846303939819,0.001719971141815213,-0.02080000000000004,0.004737819870412351,-0.2781751352310182
64,269,0.01166003942489624,0.23109999999999997,0.03501630201935768,1.759046484375,270,0.009419999999999984,0.22309999999999997,0.028770949739813804,1.602862469768524,-0.0022400394248962563,-0.008000000000000007,-0.006245352279543877,-0.1561840146064759
64,279,0.009000003337860107,0.2106,0.027846351265907288,1.735077734375,280,0.013920000000000043,0.20540000000000003,0.042289253258407114,1.5270717464447021,0.004919996662139936,-0.005199999999999982,0.014442901992499826,-0.2080059879302978
64,289,0.009640038013458252,0.22219999999999995,0.02956433780491352,1.7774498046875,290,0.012700000000000045,0.22760000000000002,0.038736884086728096,1.6088050451278686,0.0030599619865417926,0.005400000000000071,0.009172546281814575,-0.16864475955963143
64,299,0.009240031242370605,0.22319999999999995,0.028612127527594566,1.7138890625,300,0.012680000000000025,0.22109999999999996,0.04102749294474721,1.710960995388031,0.003439968757629419,-0.0020999999999999908,0.012415365417152643,-0.002928067111969135
64,309,0.00850003957748413,0.2197,0.025715816766023636,1.763659375,310,0.010680000000000023,0.23299999999999998,0.036142190176099535,1.7121846514701844,0.002179960422515892,0.013299999999999979,0.0104263734100759,-0.051474723529815636
64,319,0.006860017776489258,0.2248,0.02170676924288273,1.797028515625,320,0.008140000000000036,0.2007,0.02605908118072897,1.5812524591445922,0.0012799822235107783,-0.02410000000000001,0.004352311937846243,-0.21577605648040787
64,329,0.008060038089752197,0.2277,0.025736115872859955,1.828045703125,330,0.010199999999999987,0.2207,0.03167398474171758,1.6573645248413087,0.0021399619102477896,-0.007000000000000006,0.005937868868857624,-0.17068117828369123
64,339,0.007440030574798584,0.2219,0.02391408570110798,1.7795482421875,340,0.009059999999999957,0.19669999999999999,0.02939885070823133,1.5803786064147949,0.001619969425201373,-0.0252,0.00548476500712335,-0.19916963577270508
64,349,0.007920026779174805,0.2267,0.0250084325671196,1.8308216796875,350,0.00768000000000002,0.21589999999999998,0.022932876353785395,1.6991337591171265,-0.00024002677917478454,-0.010800000000000032,-0.0020755562133342037,-0.1316879205703736
64,359,0.006880044937133789,0.23299999999999998,0.022057341411709785,1.86620546875,360,0.007979999999999987,0.20699999999999996,0.026098413590714336,1.6030747562408447,0.001099955062866198,-0.026000000000000023,0.0040410721790045505,-0.2631307125091553
64,369,0.006640017032623291,0.22450000000000003,0.02133645862340927,1.8021216796875,370,0.005719999999999947,0.21850000000000003,0.016706660453006623,1.6284711349487304,-0.0009200170326233437,-0.006000000000000005,-0.004629798170402648,-0.1736505447387695
64,379,0.007260024547576904,0.22130000000000005,0.022407166659832,1.83180390625,380,0.009120000000000017,0.22099999999999997,0.027836144326776266,1.682025569152832,0.0018599754524231127,-0.000300000000000078,0.005428977666944265,-0.14977833709716792
64,389,0.005120038986206055,0.22699999999999998,0.01593182049691677,1.8859349609375,390,0.009000000000000008,0.22919999999999996,0.027448131277561186,1.7577583902359009,0.0038799610137939533,0.0021999999999999797,0.011516310780644416,-0.12817657070159916
64,399,0.006200015544891357,0.21889999999999998,0.019650274887681007,1.828653125,400,0.005560000000000009,0.20879999999999999,0.018062367732599376,1.6567112461090088,-0.000640015544891348,-0.010099999999999998,-0.001587907155081631,-0.17194187889099122
