n,test_error,test_loss,train_error,train_loss
8.0,86.71776427421577,8.240073173294686,57.32633013724384,3.247812221273934
16.0,87.75470247849985,12.56600424221732,10.192235382590713,0.6539931090215607
24.0,85.6808260699317,10.90825957563733,0.13395375070501975,0.1989806502088162
32.0,84.55179615100141,9.442170400919496,0.08342733596540704,0.16190934521875383
40.0,83.39013530955869,8.785395421665502,0.12690355329949238,0.1455561367500364
48.0,82.88834423447855,8.582801629476508,0.11045309268659523,0.14550938837553778
56.0,81.44388206459472,8.378395446031146,0.06697687535250987,0.13766162802030502
64.0,81.16543152582193,8.529667191689866,0.06815190825343109,0.13470407481658814
72.0,80.58387597348919,8.288121609480827,0.06697687535250987,0.13443952808928772
80.0,79.5701419807695,8.130987562476346,0.05640157924421884,0.1337000236270974
88.0,79.04804722057054,8.070833152126038,0.02820078962210942,0.12525424470487315
96.0,78.43241048250258,7.815812034762391,0.034075954126715546,0.12690821167310617
104.0,78.52522732876017,7.811995296155461,0.051701447640533936,0.12445504231927179
112.0,77.4882891244761,7.838580779987251,0.031725888324873094,0.12231777614838066
128.0,76.95241686366076,7.688024379938295,0.049351381838691484,0.11916528314682612
160.0,75.83498905051268,7.458943818372157,0.06345177664974619,0.12051385317244999
200.0,74.29118384986874,7.106822413965843,0.023500658018424516,0.11170025731549493
