model_width,sample_size,train_loss,test_loss,train_error,test_error,train_perplexity,test_perplexity
64,2000,0.11265980151315864,8.802909045126547,0.028344001700640102,82.70343567357476,1.1192511006421377,6653.571420002105
64,4000,0.13470407481658814,8.529667191689866,0.06815190825343109,81.16543152582193,1.1441981372030647,5062.760625601029
64,6000,0.16853829633792708,7.78143055374371,0.24731492211135392,78.4541644308442,1.1835735525096782,2395.6995472816584
64,8000,0.2085074272556656,7.490772600884714,0.66844841601703,76.50501065943469,1.2318380792033181,1791.435622063028
64,10000,0.28711708310715284,7.06659397107928,1.9878336133980454,73.86625672559569,1.3325802269757296,1172.1488545565362
64,12000,0.3383514620197167,6.947155068763084,2.878084362107641,71.96496164053775,1.4026333891488099,1040.1862563693553
64,14000,0.415002974253667,6.650433755758759,4.066342579353732,70.3602453845373,1.5143752448214751,773.1195978945311
64,16000,0.4750270902596257,6.4823726499535175,4.561953448856729,69.39074442011226,1.6080577595979264,653.519681683493
64,18000,0.5493247720708537,6.464447902726855,5.117265805955732,68.48650530071208,1.7320830720559492,641.9098689090798
64,20000,0.6362907892828755,6.144819778325761,6.036600171840562,67.84983974591388,1.8894594621107605,466.2956049154189
64,22000,0.6659838680180161,6.193729136743333,6.476184805399727,67.00941220831581,1.9464045848106275,489.6687473810821
64,24000,0.7479899790115012,5.933940390206686,7.322397129587583,66.21031717256682,2.1127490758179555,377.6396334410307
64,26000,0.7444459656917163,6.255281546645836,8.18169387600888,65.75348425739271,2.1052747173879887,520.7559712165855
64,28000,0.8490717121794996,5.9639972289658,9.38957655701619,64.81951474192566,2.3374759939954535,389.1625913700301
64,30000,0.890883411200206,5.864954049548558,10.395001983957178,64.46855104201413,2.437281822583925,352.465959765628
64,40000,1.240958407624736,5.2288845634241925,15.969447763423195,61.58107696546923,3.458926938631123,186.58456415551692
64,50000,1.464962699397697,4.680798796420187,21.04405267447347,58.64501907096138,4.327381823341911,107.85619331146394
80,2000,0.11194202392370527,8.722892556368839,0.028344001700640102,81.70928023436254,1.1184480155378504,6141.919266201303
80,4000,0.1337000236270974,8.130987562476346,0.05640157924421884,79.5701419807695,1.143049880253236,3398.15379779114
80,6000,0.15833925567647603,7.600349523942556,0.14932221712383634,76.90600844053196,1.1715635868922867,1998.8944344823803
80,8000,0.20019882017964638,7.1848801962261195,0.6590913078313148,74.19909213522254,1.2216456218182659,1319.331167955157
80,10000,0.2508764062755433,6.864925515167107,1.3466575293598566,71.96206111409221,1.2851512378872052,958.0744751287101
80,12000,0.31219348405717945,6.630990195830696,2.194936391159077,69.856278914623,1.3664190477556097,758.2325978026133
80,14000,0.36108198383582,6.345845605184876,3.136806338205857,68.79613649877453,1.434881093112478,570.1192817621624
80,16000,0.41863302513211625,6.226905275635599,3.864711655363342,67.78747842733456,1.5198824937586217,506.1865491916515
80,18000,0.47501348622293943,6.138359954137134,4.141175981802507,66.79694864617929,1.608035883669972,463.29312547334564
80,20000,0.5339443237897576,6.0588779434249025,4.726549366804886,65.95942163502676,1.7056466808647066,427.8950449476018
80,22000,0.5592804368147848,5.965043483395166,5.194515211187336,65.59468043449885,1.749413233930712,389.569967527388
80,24000,0.6032179411763178,6.0750366217465634,5.72328429127436,64.83039171609647,1.8279917157866605,434.8654277562058
80,26000,0.6589325468881476,5.843617655680357,6.327836290557633,64.05740141835743,1.932728136217279,345.0252682591994
80,28000,0.6882747060651497,5.830195184390391,6.812837633739258,63.72166548228503,1.9902787535058837,340.4251182567725
80,30000,0.7471628522339813,5.778176006236201,7.5139849530463465,62.95882702710542,2.1110022869906597,323.1691939114969
80,40000,0.9802727511443476,5.246589452048588,11.368176387125681,60.5702434991951,2.6651830745361744,189.91744012113085
80,50000,1.2067453574853617,4.770581739610245,15.388409900055763,58.38832248053021,3.3425880007984214,117.98786021157137
